{"cameraMode":{"drawMode":0,"name":"Shaded","section":"Shading Mode"},"sceneLighting":false,"audioPlay":false,"sceneViewState":{"showFog":true,"showMaterialUpdate":false,"showSkybox":false,"showFlares":true,"showImageEffects":true,"showParticleSystems":true,"showVisualEffectGraphs":true,"m_FxEnabled":true},"in2DMode":false,"pivot":{"x":-0.09155292809009552,"y":1.5955259799957276,"z":-0.6106228828430176},"rotation":{"x":-0.00012081165186828002,"y":0.9997445344924927,"z":-0.02250802144408226,"w":-0.00599635811522603},"size":0.9393232464790344,"orthographic":false}