{"cameraMode":{"drawMode":0,"name":"Shaded","section":"Shading Mode"},"sceneLighting":true,"audioPlay":false,"sceneViewState":{"showFog":true,"showMaterialUpdate":false,"showSkybox":true,"showFlares":true,"showImageEffects":true,"showParticleSystems":true,"showVisualEffectGraphs":true,"m_FxEnabled":true},"in2DMode":false,"pivot":{"x":28.599302291870118,"y":-6.406839847564697,"z":18.037599563598634},"rotation":{"x":0.20528055727481843,"y":0.30138683319091799,"z":-0.06574895977973938,"w":0.9290514588356018},"size":12.12435531616211,"orthographic":false}