{"cameraMode":{"drawMode":0,"name":"Shaded","section":"Shading Mode"},"sceneLighting":false,"audioPlay":false,"sceneViewState":{"showFog":true,"showMaterialUpdate":false,"showSkybox":false,"showFlares":true,"showImageEffects":true,"showParticleSystems":true,"showVisualEffectGraphs":true,"m_FxEnabled":true},"in2DMode":false,"pivot":{"x":-0.09472794085741043,"y":1.1213150024414063,"z":1.7636523246765137},"rotation":{"x":0.010740420781075955,"y":0.9888328909873962,"z":-0.11924156546592713,"w":0.08893852680921555},"size":0.9393232464790344,"orthographic":false}