{"cameraMode":{"drawMode":0,"name":"Shaded","section":"Shading Mode"},"sceneLighting":false,"audioPlay":false,"sceneViewState":{"showFog":true,"showMaterialUpdate":false,"showSkybox":false,"showFlares":true,"showImageEffects":true,"showParticleSystems":true,"showVisualEffectGraphs":true,"m_FxEnabled":true},"in2DMode":false,"pivot":{"x":4.4705328941345219,"y":0.6972551345825195,"z":-1.2751976251602173},"rotation":{"x":0.0007003978244028986,"y":0.9958035349845886,"z":-0.09138104319572449,"w":0.007469784468412399},"size":0.9393231868743897,"orthographic":false}