{"cameraMode":{"drawMode":0,"name":"Shaded","section":"Shading Mode"},"sceneLighting":false,"audioPlay":false,"sceneViewState":{"showFog":true,"showMaterialUpdate":false,"showSkybox":false,"showFlares":true,"showImageEffects":true,"showParticleSystems":true,"showVisualEffectGraphs":true,"m_FxEnabled":true},"in2DMode":false,"pivot":{"x":-0.2076752930879593,"y":1.072059988975525,"z":0.19244487583637238},"rotation":{"x":0.0037742869462817909,"y":0.9948774576187134,"z":-0.09280078858137131,"w":0.04031584411859512},"size":0.9393232464790344,"orthographic":false}